date,AI proof career,AI taking my job,ChatGPT layoffs,automation job loss,jobs replaced by AI,will AI replace my job
2019-01-01,0.0,0.0,0.0,0.748726,0.163494,0.0
2019-02-01,0.408025,0.0,0.0,0.009847,0.010155,0.0
2019-03-01,0.09385,0.013074,0.024233,0.0,0.062461,0.0
2019-04-01,0.0,0.144127,0.20474,0.606751,0.286389,0.0
2019-05-01,0.0,0.0,0.011486,0.0,0.26357,0.0
2019-06-01,0.072371,0.116316,0.155126,0.0,0.010838,0.0
2019-07-01,0.0,0.001023,0.016997,0.557686,0.246835,0.0
2019-08-01,0.1071,0.0,0.115325,0.059321,0.09243,0.0
2019-09-01,0.070986,0.04621,0.102658,0.050946,0.663614,0.0
2019-10-01,0.0,0.019906,0.016609,0.099497,0.081882,0.0
2019-11-01,0.0,0.0,0.0,0.154437,0.069369,0.0
2019-12-01,0.0,0.00698,0.0,0.0,0.319966,0.0
2020-01-01,0.0,0.0,0.148905,0.0,0.176464,0.0
2020-02-01,0.12846,0.011352,0.087783,0.0,0.261098,0.0
2020-03-01,0.032114,0.066213,0.0,0.115662,0.113575,0.0
2020-04-01,0.0,0.158602,0.0,0.116827,0.423789,0.0
2020-05-01,0.025977,0.0,0.0,0.166308,0.097269,0.0
2020-06-01,0.057798,0.213303,0.144434,0.121032,0.461298,0.0
2020-07-01,0.0,0.0,0.088606,0.273857,0.342279,0.0
2020-08-01,0.023059,0.0,0.0,0.189817,0.332088,0.0
2020-09-01,0.008731,0.058832,0.020013,0.0,0.424494,0.0
2020-10-01,0.0,0.028099,0.0,0.09493,0.267234,0.0
2020-11-01,0.053668,0.0,0.0,0.129902,0.353861,0.0
2020-12-01,0.084118,0.0,0.133445,0.100268,0.223422,0.0
2021-01-01,0.162458,0.0,0.098155,0.0,0.358534,0.0
2021-02-01,0.15807,0.0,0.03307,0.211327,0.100062,0.0
2021-03-01,0.0,0.08496,0.0,0.104665,0.180087,0.0
2021-04-01,0.0,0.035702,0.079641,1.134557,0.176426,0.0
2021-05-01,0.077255,0.0,0.0,0.647845,0.010613,0.0
2021-06-01,0.077068,0.08996,0.0,0.378835,0.072574,0.0
2021-07-01,0.077257,0.03073,0.0,0.21386,0.233217,0.0
2021-08-01,0.57791,0.081286,0.040312,0.070833,0.16857,0.0
2021-09-01,0.085634,0.062963,0.112268,0.026023,0.450169,0.0
2021-10-01,0.170335,0.0,0.0,0.164957,0.353633,0.0
2021-11-01,0.1431,0.0,0.0,0.030029,0.136727,0.0
2021-12-01,0.097709,0.074729,0.0,0.0,0.160799,0.0
2022-01-01,0.0,0.061037,0.0,0.0,0.243465,0.0
2022-02-01,0.113845,0.0,0.048767,0.226419,0.320087,0.0
2022-03-01,0.0,0.011733,0.074737,0.341161,0.269343,0.0
2022-04-01,0.0,0.127766,0.0,0.012011,0.374748,0.0
2022-05-01,0.0,0.0,0.205509,0.107097,0.232642,0.0
2022-06-01,0.012281,0.05471,0.0,1.20724,0.220819,0.0
2022-07-01,0.347199,0.0,0.0,0.304643,0.174451,0.0
2022-08-01,0.0,0.0,0.0,0.062874,0.182229,0.0
2022-09-01,0.102939,0.109878,0.0,0.0,0.410534,0.0
2022-10-01,0.0,0.082542,0.0,0.0,0.346179,0.0
2022-11-01,0.0,0.081351,0.0,0.43262,0.056045,0.0
2022-12-01,0.163343,0.130548,0.0,0.0,0.0,0.083533
2023-01-01,0.009642,0.0021,6.059941,0.114513,0.180987,0.054551
2023-02-01,0.0,0.068195,4.487851,0.024986,0.047087,0.147737
2023-03-01,0.0,0.0,6.732782,0.038249,0.174493,0.046714
2023-04-01,0.10194,0.032417,6.471825,0.12743,0.102856,0.0
2023-05-01,0.0,0.0,6.900859,0.218836,0.130625,0.047252
2023-06-01,0.032469,0.0097,0.120464,0.081375,0.295725,0.088696
2023-07-01,0.006836,0.059516,0.089704,0.096939,0.18513,0.065639
2023-08-01,0.0,0.0,0.009275,0.113138,0.231083,0.040582
2023-09-01,0.321592,0.219493,0.014126,0.129999,0.249651,0.085334
2023-10-01,0.095088,0.021034,0.077075,0.147547,0.284156,0.093544
2023-11-01,0.0,0.032367,0.024275,0.165812,0.320249,0.110573
2023-12-01,0.027968,0.160092,0.029583,0.184822,0.391323,0.051897
2024-01-01,0.0,0.135971,0.272466,0.301141,0.397495,0.0
2024-02-01,0.146416,0.132384,0.040687,0.225202,0.627169,0.011737
2024-03-01,0.038249,0.146648,0.046495,0.376291,0.482016,0.096521
2024-04-01,0.059165,0.098365,0.052479,0.268944,0.527217,0.0
2024-05-01,0.157123,0.113662,0.143785,0.292163,0.574497,0.029494
2024-06-01,0.234821,0.137325,0.064999,0.37833,0.841001,0.0
2024-07-01,0.129999,0.146651,0.074409,0.341483,0.70517,0.0023
2024-08-01,0.156588,0.261936,0.175157,0.367662,0.884578,0.102276
2024-09-01,0.184822,0.183108,0.085247,0.394994,0.786407,0.015288
2024-10-01,0.214802,0.202751,0.100359,0.442261,0.885675,0.003715
2024-11-01,0.511454,0.2234,0.252172,0.452787,1.040998,0.0
2024-12-01,0.341185,0.286401,0.107401,0.501423,0.984682,0.0597
2025-01-01,0.31633,0.267929,0.11524,0.515485,1.19993,0.051639
2025-02-01,0.492121,0.291921,0.123318,0.629679,1.110996,0.17306
2025-03-01,0.713234,0.341511,0.131642,0.583404,1.396549,0.0
2025-04-01,0.592751,0.368153,0.140219,0.638061,1.607545,0.017532
2025-05-01,0.483509,0.37153,0.149057,0.965371,1.343845,0.019951
2025-06-01,0.531958,0.400833,0.158165,0.696035,1.428713,0.126196
2025-07-01,0.773441,0.454844,0.16755,0.903314,1.735495,0.0
2025-08-01,0.638031,0.464023,0.177221,0.778992,1.847284,0.022322
2025-09-01,0.762608,0.498069,0.209008,0.823026,1.707483,0.048632
2025-10-01,0.873822,0.533859,0.288511,0.868858,1.809088,0.014929
2025-11-01,0.823026,0.571485,0.31357,0.91656,1.915371,0.0
2025-12-01,0.89247,0.642131,0.284304,0.990653,2.026545,0.015527
2026-01-01,0.966209,0.800159,0.230176,1.052665,2.142837,0.085891
2026-02-01,1.044507,0.782104,0.241754,1.071668,2.264481,0.0
2026-03-01,1.127646,0.742294,0.491118,1.127646,2.391724,0.010638
2026-04-01,1.215927,0.790606,0.367432,1.249241,2.524824,0.0
2026-05-01,1.554528,0.841396,0.278648,1.346538,2.699182,0.095604
